Nom,Regcode,Type,Collab,url,Techno,porteur,thèmatique,grappe,url-reuse,nb-reuse,url-forum-dodo,nb-struct-hebergees,contact,twitter,Organisations 5,Last Modified,Organisations copy
Aix en Provence Open Data,PAC-93,Portail,Dédié,https://aix-en-provence.opendatasoft.com/pages/accueil/,OpenDataSoft,COM,Généraliste,,,,,1,,,211300017,10/10/2021 4:39pm,
Atmo Aura Open Data,ARA-84,Géoportail,Dédié,https://data-atmoaura.opendata.arcgis.com,ArcGis,OACT,Environnement,,,,,1,demandes@atmo-aura.fr,,534194451,11/2/2022 5:08pm,
Atmo Bfc Open Data,BFC-27,Site web,Dédié,https://www.atmo-bfc.org/opendata,Spécifique,OACT,Environnement,,,,,1,https://www.atmo-bfc.org/contact,,829854181,11/2/2022 5:09pm,
Atmo Grand Est Open Data,GES-44,Géoportail,Dédié,https://data-atmograndest.opendata.arcgis.com,ArcGis,OACT,Environnement,,,,,1,contact@atmo-grandest.eu,,822734307,28/10/2020 12:08pm,
Atmo Guyane,GF-03,Géoportail,Dédié,https://data-atmo-guyane.opendata.arcgis.com,ArcGIS,REG,Environnement,,,,,1,,,420010878,10/10/2021 3:34pm,
Atmo Hauts de France Open Data,HDF-32,Géoportail,Dédié,https://data-atmo-hdf.opendata.arcgis.com,ArcGis,OACT,Environnement,,,,,1,contact@atmo-hdf.fr,,478029127,28/10/2020 12:08pm,
Atmo Normandie Open Data,NOR-28,Géoportail,Dédié,https://datas-atmonormandie.opendata.arcgis.com,ArcGis,OACT,Environnement,,,,,1,contact@atmonormandie.fr,,488233313,28/10/2020 12:08pm,
Atmo Nouvelle Aquitaine Open Data,NAQ-75,Géoportail,Dédié,https://data-atmo-na.opendata.arcgis.com,ArcGis,OACT,Environnement,,,,,1,https://www.atmo-nouvelleaquitaine.org/contact,,311059422,28/10/2020 12:08pm,
Atmo Occitanie Open Data,OCC-76,Géoportail,Dédié,https://data-atmo-occitanie.opendata.arcgis.com,ArcGis,OACT,Environnement,,,,,1,contact@atmo-occitanie.org,,308599703,28/10/2020 12:08pm,
Atmo Réunion Open Data,RE-04,Géoportail,Dédié,https://data-atmoreunion.opendata.arcgis.com,ArcGis,OACT,Environnement,,,,,1,guillaume.peris@atmo-reunion.net,,422969667,28/10/2020 12:08pm,
Bassin de Pompey,GES-44,Portail,Dédié,https://data.bassinpompey.fr/donnees-collectivite,OpenDataGazette,CC,Généraliste,,,,,1,Nicolas.Aury@infopro-digital.com,,245400601,28/10/2020 12:08pm,
CRAIG Rhone Alpes,ARA-84,Géoportail,Partenarial,https://ids.craig.fr/geocat/,GeoNetwork,REG,Généraliste,,,,,2,,,,10/10/2021 3:37pm,
CRIGE PACA,PAC-93,Géoportail,Partenarial,https://trouver.crige-paca.org/dataset,GeoSource,REG,Généraliste,,,,,51,,,,10/10/2021 3:39pm,
Dat'Armor,BRE-53,Portail,Mutualisé,http://datarmor.cotesdarmor.fr,MGDIS Open Data,DEP,Généraliste,,http://datarmor.cotesdarmor.fr/applications,18,http://datarmor.cotesdarmor.fr/web/guest/forum,25,https://datarmor.cotesdarmor.fr/contact,https://twitter.com/datarmor,"212202154,212200943,200048965,200065928,200068989,200069086,200069409,212200042,212200703,212201131,212201719,212201875,212202048,212202782,212203608,212203855,212203897,222200016,242900744,200067460,200054252,200064699",28/10/2020 12:08pm,
Data Agen,NAQ-75,Portail,Dédié,https://data.agen.fr,OpenDataSoft,COM,Généraliste,,,,,1,,,214700015,28/10/2020 12:08pm,
Data Agglo Royan,NAQ-75,Portail,Dédié,https://data.agglo-royan.fr,CKAN,CA,Généraliste,,,,,1,,,241700640,28/10/2020 12:08pm,
Data Air Breizh,BRE-53,Géoportail,Dédié,http://data.airbreizh.asso.fr/geonetwork/,GeoNetwork,OACT,Généraliste,,,,,1,,,404453110,28/10/2020 12:08pm,
Data Air Pays de la Loire ,PDL-52,Géoportail,Dédié,https://data.airpl.org/geonetwork/,GeoNetwork,OACT,Généraliste,,,,,1,https://data.airpl.org/contact,,323266205,28/10/2020 12:08pm,
Data Airparif ,IDF-11,Géoportail,Dédié,https://data-airparif-asso.opendata.arcgis.com,ArcGis,OACT,Environnement,,,,,1,,,316465236,28/10/2020 12:08pm,
Data Alpes Maritimes 06 ,PAC-93,Site web,Dédié,https://data.departement06.fr,OpenDataSoft,DEP,Généraliste,,,,,1,,,220600019,28/10/2020 12:08pm,
Data Angers,PDL-52,Portail,Partagé,https://data.angers.fr,OpenDataSoft,CU,Généraliste,,https://data.angers.fr/pages/reutilisations/,16,https://data.angers.fr/pages/forum/,2,https://data.angers.fr/pages/contact/,,"244900015,214900078",28/10/2020 12:08pm,
Data BFC,BFC-27,Portail,Mutualisé,https://ideo.ternum-bfc.fr,CKAN,OACT,Généraliste,,,,,22,https://www.databfc.fr/contact,,"200053726,200069052,212105407,212106173,213904782,215801945,217100148,217104454,225800010,227100013,242500361,245804406,212500565,217001817,247100589,222100018,228900015,223900010,820657971,252106620",28/10/2020 12:08pm,
Data Blois Agglopolys,NAQ-75,Portail,Mutualisé,https://data.blois.agglopolys.fr/pages/accueil/,OpenDataSoft,CA,Généraliste,https://data.centrevaldeloire.fr,,,,2,,,,28/10/2020 12:08pm,
Data Boissy Saint Léger,IDF-11,Portail,Dédié,https://boissy.data4citizen.com/,DATA4CITIZEN,COM,Généraliste,,,,,1,,,219400041,28/10/2020 12:08pm,
Data Bourges Plus,CVL-24,Portail,Mutualisé,https://data.bourgesplus.fr,OpenDataSoft,CA,Généraliste,https://data.centrevaldeloire.fr,,,,2,,,241800507,10/10/2021 3:40pm,
Data Bretagne,BRE-53,Portail,Dédié,https://data.bretagne.bzh,OpenDataSoft,REG,Généraliste,,,,,1,data@bretagne.bzh,,233500016,28/10/2020 12:08pm,
Data Cap Atlantique,PDL-52,Portail,Mutualisé,https://data.capatlantique.fr/,OpenDataSoft,CA,Généraliste,,,,,12,https://data.capatlantique.fr/pages/contact/,,"215600586,214400699,214400558,244400610,254402738,215600305,214400491,214401358,214401838",28/10/2020 12:08pm,
Data Carene,PDL-52,Portail,Mutualisé,https://data.agglo-carene.fr,OpenDataSoft,CA,Généraliste,,https://data.agglo-carene.fr/pages/reutilisations/,39,,10,https://data.agglo-carene.fr/pages/nous-contacter/,,"214401515,214401846,214400301,244400644,214401036,214401689,247800584,214400137,214401325,214400525,214402109,214401762",28/10/2020 12:08pm,
Data Centre Val de Loire,CVL-24,Portail,Mutualisé,https://data.centrevaldeloire.fr,OpenDataSoft,REG,Généraliste,,,,,1,,,"200072064,234500023,254178056,200030385,214100182,213601594,200046050 ",16/6/2021 2:11pm,
Data Charente 16,NAQ-75,Portail,Dédié,https://data16.lacharente.fr,TYPO3 In Cite,DEP,Généraliste,,,,,1,,,"830836698,221600018",28/10/2020 12:08pm,
Data Châteauroux Métropole,CVL-24,Portail,Partagé,https://data.chateauroux-metropole.fr,OpenDataSoft,CA,Généraliste,https://data.centrevaldeloire.fr,,,,2,,,"775684483,243600327,213600448",28/10/2020 12:08pm,
Data Cœur Côte Fleurie,NOR-28,Portail,Dédié,http://data.coeurcotefleurie.org,CKAN,CC,Généraliste,,,,,1,sophie.rousselot@coeurcotefleurie.org,,241400415,28/10/2020 12:08pm,
Data Conflans Sainte Honorine,IDF-11,Portail,Dédié,https://data.ville-conflans.fr,OpenDataSoft,COM,Généraliste,,,,,1,,,217801729,10/10/2021 3:40pm,
Data Corsica,COR-94,Portail,Mutualisé,https://www.data.corsica,OpenDataSoft,REG,Généraliste,,https://www.opendata.corsica/Les-Applications_r8.html,6,,2,https://www.opendata.corsica/forms/Vous-souhaitez-nous-contacter_f3.html,https://twitter.com/@OpendataCorsica,"242010056,232000018,392178570,182019208",28/10/2020 12:08pm,
Data Dunkerque Agglo,HDF-32,Portail,Mutualisé,https://data.dunkerque-agglo.fr,OpenDataSoft,CU,Généraliste,,,,,2,https://data.dunkerque-agglo.fr/pages/contact/,,245900428,28/10/2020 12:08pm,
Data Estuaire de la Seine,NOR-28,Géoportail,Mutualisé,https://data.estuairedelaseine.fr,Spécifique,AGCT,Généraliste,,,,,12,https://data.estuairedelaseine.fr,,"200069821,775701253,775700198,200069532,247600539,200072866",28/10/2020 12:08pm,
Data Eurelien,CVL-24,Portail,Dédié,https://data.eurelien.fr,OpenDataSoft,DEP,Généraliste,,,,,1,https://data.eurelien.fr/pages/contact/,,222800013,28/10/2020 12:08pm,
Data Evreux Portes de Normandie,NOR-28,Portail,Dédié,https://epn-agglo.opendatasoft.com,OpenDataSoft,CA,Généraliste,,,1,,1,,,,28/10/2020 12:08pm,
Data Fleury sur Orne,NOR-28,Portail,Dédié,https://data.fleurysurorne.fr,OpenDataSoft,COM,Généraliste,,,,,1,https://data.fleurysurorne.fr/pages/contact/,,"200045938,211402714",28/10/2020 12:08pm,
Data Gers,OCC-76,Portail,Mutualisé,http://data.gers.fr,OpenDataSoft,DEP,Généraliste,https://data.laregion.fr,,,,1,dosin-slmc-cellule-cartographie@gers.fr,,223200015,28/10/2020 12:08pm,
Data Grand Angoulême,NAQ-75,Géoportail,Mutualisé,https://grandangouleme-data16.lacharente.fr,ArcGIS,CA,Généraliste,,,,,1,,,241600253,10/10/2021 3:42pm,
Data Grand Besancon,BFC-27,Portail,Mutualisé,https://data.grandbesancon.fr,CKAN,CA,Généraliste,,,,,3,,,,28/10/2020 12:08pm,
Data Grand Chambéry,ARA-84,Portail,Partagé,https://donnees.grandchambery.fr,OpenDataSoft,CA,Généraliste,,https://donnees.grandchambery.fr/pages/reutilisations/,0,,2,,,"200069110,217300656",28/10/2020 12:08pm,
Data Grand Est,GES-44,Portail,Dédié,http://data.grandest.fr,MGDIS Open Data,REG,Généraliste,,,,,1,,,200052264,28/10/2020 12:08pm,
Data Grand Lyon,ARA-84,Géoportail,Mutualisé,https://data.grandlyon.com,GeoNetwork,MET,Généraliste,,,,,17,https://data.beta.grandlyon.com/fr/contact,,"200046977,256900994,216902718,216901231,216901918,216900407,216900290,216901165,216902668,216902833,216902908,216902569,216901942",28/10/2020 12:08pm,
Data Grand Paris Seine Ouest,IDF-11,Portail,Mutualisé,https://data.seineouest.fr,OpenDataSoft,EPT,Généraliste,,https://data.seineouest.fr/pages/reutilisation/,4,,3,,,"200057974,245901160,219200227,219200128,219200771",28/10/2020 12:08pm,
Data Grand Paris Sud,IDF-11,Portail,Mutualisé,https://data.grandparissud.fr,OpenDataSoft,CA,Généraliste,,,,,2,H.CHERFI@grandparissud.fr,,"200059228,219100864,219102258,219103405,219105210,217701226,217700673,219101797,217702513,217703263,219105731",28/10/2021 1:57pm,
Data Grand Paris Sud Est Avenir (GPSEA),IDF-11,Portail,Partagé,https://data.sudestavenir.fr/,OpenDataSoft,CA,Généraliste,,,,,1,jblin@gpsea.fr,https://twitter.com/sudestavenir,200058006,11/1/2022 5:00pm,
Data Grand Poitiers,NAQ-75,Portail,Partagé,https://data.grandpoitiers.fr,OpenDataSoft,CU,Généraliste,,https://data.grandpoitiers.fr/pages/reutilisations/,20,https://data.grandpoitiers.fr/pages/forum/,2,https://data.grandpoitiers.fr/pages/contact/,,"200069854,450655147,218601946",28/10/2020 12:08pm,
Data Gwad'Air,GP-01,Géoportail,Dédié,https://data-gwadair.opendata.arcgis.com,ArcGis,OACT,Environnement,,,,,1,info@gwadair.fr,,442638698,28/10/2020 12:08pm,
Data Haute Garonne,OCC-76,Portail,Partagé,https://data.haute-garonne.fr,OpenDataSoft,DEP,Généraliste,,,,,2,https://data.haute-garonne.fr/page/contact/,,"327216875,223100017",28/10/2020 12:08pm,
Data Hawa Mayotte,YT-06,Géoportail,Dédié,https://data-hawa-mayotte.opendata.arcgis.com,ArcGis,OACT,Environnement,,,,,1,contact@hawa-mayotte.org,,809413586,28/10/2020 12:08pm,
Data IAU,IDF-11,Géoportail,Dédié,http://data.iau-idf.fr,ArcGis,OACT,Urbanisme,,,,,1,,,,28/10/2020 12:08pm,
Data Ile de France,IDF-11,Portail,Partagé,https://data.iledefrance.fr,OpenDataSoft,REG,Généraliste,,,,,2,https://data.iledefrance.fr/page/contact/,,"451366611,301072880,503486870,237500079,287500052",28/10/2020 12:08pm,
Data Indre et Loire,CVL-24,Géoportail,Dédié,http://data-cd37.opendata.arcgis.com,ArcGis,DEP,Généraliste,,,,,1,sig@departement-touraine.fr,,223700014,28/10/2020 12:08pm,
Data Infocom'94,IDF-11,Portail,Dédié,https://data.infocom94.fr/,DATA4CITIZEN,AGCT,Généraliste,,,,,3,,,"259401099,219400199",28/10/2020 12:08pm,
Data Issy,IDF-11,Portail,Partagé,https://data.issy.com,OpenDataSoft,COM,Généraliste,,https://data.issy.com/pages/visualisations/,7,,2,https://data.issy.com/signup/,https://twitter.com/data_issy,219200409,28/10/2020 12:08pm,
Data La Réunion,RE-04,Portail,Mutualisé,https://data.regionreunion.com,OpenDataSoft,REG,Généraliste,,,,,6,,,239740012,28/10/2020 12:08pm,
Data La Roche sur Yon,PDL-52,Portail,Partagé,https://data.larochesuryon.fr,OpenDataSoft,CA,Généraliste,,https://data.larochesuryon.fr/pages/reutilisations/,40,,2,https://paysdelaloire.opendatasoft.com/pages/contact-pdl/,,218501914,28/10/2020 12:08pm,
Data Le Havre Seine Métropole,NOR-28,Géoportail,Partagé,https://data.lehavreseinemetropole.fr/#,Spécifique,CA,Généraliste,,,,,2,https://data.lehavreseinemetropole.fr/#,,"247600596,200084952,217604818,217603513",28/10/2020 12:08pm,
Data Libourne,NAQ-75,Portail,Dédié,https://data.libourne.fr/,DATA4CITIZEN,COM,Généraliste,,,,,1,,,213302433,28/10/2020 12:08pm,
Data Lig'Air,CVL-24,Géoportail,Dédié,https://data-ligair.opendata.arcgis.com,ArcGis,OACT,Environnement,,,,,1,ligair@ligair.fr,,413095811,28/10/2020 12:08pm,
Data Loire Atlantique,PDL-52,Portail,Mutualisé,http://data.loire-atlantique.fr,OpenDataSoft,DEP,Généraliste,,https://data.loire-atlantique.fr/pages/reutilisations/,47,,15,usages.numeriques@loire-atlantique.fr,,"314549262,793698705,284400017,214401143,224400028,214400400,315387209",28/10/2020 12:08pm,
Data Madininair,MQ-02,Géoportail,Dédié,https://data-madininair.opendata.arcgis.com,ArcGis,OACT,Environnement,,,,,1,info@madininair.fr,,423221795,28/10/2020 12:08pm,
Data Maison de l'Estuaire,NOR-28,Géoportail,Dédié,https://data.maisondelestuaire.org,Spécifique,OACT,Généraliste,,,,,1,https://data.maisondelestuaire.org/#,,399054964,28/10/2020 12:08pm,
Data Métropole Grenoble,ARA-84,Portail,Mutualisé,http://data.metropolegrenoble.fr,CKAN,MET,Généraliste,,http://data.metropolegrenoble.fr/1395-2/,17,http://data.metropolegrenoble.fr/ckan/datarequest,5,http://data.metropolegrenoble.fr/contact/,,"213801855,200040715,253800825,213803828,213804214,213801517,213803174",28/10/2020 12:08pm,
Data Métropole Toulon Prov. Med.,PAC-93,Portail,Dédié,https://data.metropoletpm.fr,OpenDataSoft,MET,Généraliste,,,,,1,https://data.metropoletpm.fr/pages/contact/,,248300543,28/10/2020 12:08pm,
Data Meudon,IDF-11,Portail,Dédié,https://data.meudon.fr,OpenDataSoft,COM,Généraliste,,,,,1,,,219200482,28/10/2020 12:08pm,
Data Montpellier3M,OCC-76,Portail,Mutualisé,http://data.montpellier3m.fr,CKAN,MET,Généraliste,,http://data.montpellier3m.fr/applications,10,,34,http://data.montpellier3m.fr/contact,https://twitter.com/OpenData3M,"213401292,213400880,213401722,213403371,213403272,213400773,213402704,213403074,213402951,213401797,213401649,213400575,213402597,243400017,213402274,213401342,213400872,213401235,213402498,213400229,213401987,213401698,213402175,213401201,200009884,213402027,213400955,213401169,213400583,213002371,213400906,213402563,213400278",28/10/2020 12:08pm,
Data Montreuil,IDF-11,Portail,Dédié,https://data.montreuil.fr,OpenDataSoft,COM,Généraliste,,,,,1,,,219300480,28/10/2020 12:08pm,
Data Mulhouse Alsace,GES-44,Portail,Mutualisé,https://data.mulhouse-alsace.fr,OpenDataSoft,CA,Généraliste,,,,,6,https://data.mulhouse-alsace.fr/pages/contact/,,"216802249,945551018,216802538,200066009,216803759,216802785,216802710,216803841",28/10/2020 12:08pm,
Data Nandy,IDF-11,Portail,Dédié,https://nandy-grandparissud.opendatasoft.com,OpenDataSoft,COM,Généraliste,,,,,2,,,,10/10/2021 3:43pm,
Data Nantes Métropole,PDL-52,Portail,Mutualisé,https://data.nantesmetropole.fr,OpenDataSoft,MET,Généraliste,,https://data.nantesmetropole.fr/pages/reutilisations/,26,,10,https://data.nantesmetropole.fr/pages/contact/,,"214401200,314684960,244400404,214401093",28/10/2020 12:08pm,
Data Nîmes Métropole,OCC-76,Portail,Mutualisé,https://data.nimes-metropole.fr,OpenDataSoft,CA,Généraliste,,,,,2,,,243000643,10/10/2021 3:43pm,
Data Nouvelle Aquitaine PIGMA ,NAQ-75,Portail,Mutualisé,https://portail.pigma.org,CKAN,OACT,Généraliste,,,,,5,https://portail.pigma.org/contact/,,"200081735,509795829,251900130,214002818,481611135,254003304,244000865,130004658",10/10/2021 4:46pm,
Data Occitanie,OCC-76,Portail,Mutualisé,https://data.laregion.fr,OpenDataSoft,REG,Généraliste,,,,,5,opendata@laregion.fr,,"200053791,213101181,213101355,213100332,243100658,213104581,213103419,213101132,213101876,200068815,243100773",28/10/2020 12:08pm,
Data Orléans Métropole,CVL-24,Portail,Dédié,https://data.orleans-metropole.fr,OpenDataSoft,MET,Généraliste,,https://data.orleans-metropole.fr/pages/reutilisations/,8,https://data.orleans-metropole.fr/pages/forum/,1,https://data.orleans-metropole.fr/pages/contact/,https://twitter.com/ODOrleansMetro,244500468,28/10/2020 12:08pm,
Data Paris Vallée de la Marne,IDF-11,Portail,Dédié,https://data-agglo-pvm.opendata.arcgis.com/,ArcGIS,CA,Généraliste,,,,,7,,,"200057958,852356583,217701697,217704683,216001446",10/10/2021 3:48pm,
Data Pays de la Loire,PDL-52,Portail,Mutualisé,http://data.paysdelaloire.fr,OpenDataSoft,REG,Généraliste,,https://data.paysdelaloire.fr/pages/reutilisations/,47,,15,https://paysdelaloire.opendatasoft.com/pages/contact-pdl/,,"200052587,234400034,214400723,214400103,200060010",28/10/2020 12:08pm,
Data Pyrénées Atlantiques 64,NAQ-75,Portail,Dédié,https://data.le64.fr,OpenDataSoft,DEP,Généraliste,,,,,1,https://data.le64.fr/pages/contact/,,226400018,28/10/2020 12:08pm,
Data Rennes Métropole,BRE-53,Portail,Mutualisé,https://data.rennesmetropole.fr,OpenDataSoft,MET,Généraliste,,https://data.rennesmetropole.fr/pages/reutilisations/,46,https://data.rennesmetropole.fr/page/forum/,11,https://data.rennesmetropole.fr/pages/contact/,,"243500139,213502388,213503345,310679055,213500010,213503642,213500515,213502818",28/10/2020 12:08pm,
Data Saint Etienne,ARA-84,Site web,Dédié,https://data.saint-etienne-metropole.fr/catalogue,Spécifique,MET,Transport,,,,,2,,,244200770,10/10/2021 3:49pm,
Data Saint Malo Agglomération,BRE-53,Portail,Partagé,https://data.stmalo-agglomeration.fr,OpenDataSoft,CA,Généraliste,,https://data.stmalo-agglomeration.fr/page/reutilisations/,19,,2,opendata@saint-malo.fr,https://twitter.com/OdataMalo,"213502883,243500782",28/10/2020 12:08pm,
Data Sarthe,PDL-52,Portail,Partagé,https://data.sarthe.fr,OpenDataSoft,DEP,Généraliste,,,,,2,,https://twitter.com/OpenDataSarthe,"287200265,227200029,528139876",28/10/2020 12:08pm,
Data Savigny le Temple,IDF-11,Portail,Dédié,https://data.savigny-le-temple.fr,OpenDataSoft,COM,Généraliste,,,,,1,,,217704451,28/10/2020 12:08pm,
Data Seine Saint Denis,IDF-11,Portail,Dédié,http://data.seine-saint-denis.fr,Spécifique,DEP,Généraliste,,,,,1,data93@cg93.fr,,229300082,28/10/2020 12:08pm,
Data Sicoval,OCC-76,Portail,Dédié,https://data.sicoval.fr,OpenDataSoft,CA,Généraliste,,,,,1,https://data.sicoval.fr/page/contact/,,"200039857,210600839,250601879,210601597,243100633,218301265,200000586,218300093,210601043,218301000,210601613,251200861",28/10/2020 12:08pm,
Data SNCF [Transilien],IDF-11,Portail,Dédié,https://data.sncf.com,OpenDataSoft,DSPT,Transport,,,,,1,https://data.sncf.com/pages/contact/,,552049447,28/10/2020 12:08pm,
Data Soissons,HDF-32,Portail,Dédié,https://data.ville-soissons.fr,OpenDataSoft,COM,Généraliste,,,,,1,,,210206959,28/10/2020 12:08pm,
Data Strasbourg,GES-44,Portail,Dédié,https://data.strasbourg.eu,OpenDataSoft,MET,Généraliste,,,,,1,https://data.strasbourg.eu/page/contact/,,246700488,28/10/2020 12:08pm,
Data Sucy en Brie,IDF-11,Portail,Dédié,https://sucy.data4citizen.com/,DATA4CITIZEN,COM,Généraliste,,,,,1,,,219400710,28/10/2020 12:08pm,
Data Sud,PAC-93,Portail,Mutualisé,https://www.datasud.fr,CKAN,REG,Généraliste,,https://trouver.datasud.fr/showcase,22,https://www.datasud.fr/demande-de-donnees/,44,contact@datasud.fr,https://twitter.com/DataRegionSud,"240500439,211300561,258302744,228400016,324465632,241300417,200054807,210400016,220400014,228300018,218400075,211300553,200067825,305350795,200035319,248400236,200034700,210600045,210400701,240600585,231300021,782815666,200067437,248400319,220500011,218300614,200033702,248400053,248300493",28/10/2020 12:08pm,
Data Toulouse Métropole,OCC-76,Portail,Mutualisé,https://data.toulouse-metropole.fr,OpenDataSoft,MET,Généraliste,,https://data.toulouse-metropole.fr/page/appz/,30,https://data.toulouse-metropole.fr/page/datasetrequest/,12,https://data.toulouse-metropole.fr/page/contacts/,https://twitter.com/DataToulouse,"213100449,253100986,213105554,243100518,213101496,213100225,213105414,213101843,213100696",28/10/2020 12:08pm,
Data Tourisme Pas de Calais 62,HDF-32,Portail,Dédié,https://tourisme62.opendatasoft.com,OpenDataSoft,OACT,Tourisme,,,,,1,,,325920080,28/10/2020 12:08pm,
Data Val de Cher Controis,CVL-24,Portail,Mutualisé,https://data.val2c.fr,OpenDataSoft,CC,Généraliste,https://data.centrevaldeloire.fr,,,,2,,,,10/10/2021 3:50pm,
Data Vendée,PDL-52,Portail,Mutualisé,https://data.vendee.fr/pages/home0/,OpenDataSoft,DEP,Généraliste,,,,,1,https://paysdelaloire.opendatasoft.com/pages/contact-pdl/,,200043115,28/10/2020 12:08pm,
Data Vendée,PDL-52,Portail,Mutualisé,https://data.vendee.fr,OpenDataSoft,DEP,Généraliste,,,,,4,,,,10/10/2021 3:50pm,
DataGouv,,Portail,Mutualisé,https://www.data.gouv.fr/fr/,DataGouv,NAT,Généraliste,,,,,3000,,,"243400470,250600723,200031268,200035731,200065886,200075810,210102521,210700886,216902882,217300086,221500010,223800012,227300019,246900740,213805179,216303230,216902866,214200958,200071413,200011773,243800604,200049922,247000011,200006682,257102582,493397673,212503882,200070530,200070308,200067114,315903898,200042174,200068120,212902209,212902399,213500135,213500408,213501331,213502032,213502271,213502362,213502776,213502941,213503287,213503311,215600016,215601543,215602392,225600014,243500550,243500667,243500741,814870853,212001630,200031987,200050714,200076545,212801344,223600016,224100016,241800549,520286873,807667316,200072072,200033025,200034718,200039865,200045979,200066058,200067213,200067874,200068146,215101015,215403957,215500299,221000052,226700011,251001889,255502262,286700174,429596190,568500680,780340360,216800789,523576395,200041515,200044618,215901430,215901521,215906363,216000562,216205633,228000014,246000566,246200729,381785120,245901152,256204033,200041309,200057859,200073344,217700533,217700798,217701317,219103454,219200474,219200722,219300456,219300647,219300779,219400520,219400587,219400595,219400686,219400801,219506805,227700010,259102457,217801463,217805514,217805175,219106317,200043172,200053759,200066371,211603741,212405203,213303662,214000010,214700312,214702011,218708501,221700016,227900016,228600011,251702320,252401476,254003304,256401605,283300028,781843750,211704523,214002792,211702402,211703517,211703335,213304330,211703806,487875593,256404393,200034825,211403662,212703755,217604974,217605526,215002189,380089664,572028660,804363521,200052488,247600786,218902781,211100763,211202023,200023737,200034957,200049690,200067791,211200563,211201769,213101579,213401573,220900013,224600015,226600013,241200187,243400769,243400819,248100737,288100019,489418111,213401110,213000102,534275698,815142229,248100430,200013704,447740036,200016632,200039915,210600656,218300424,218300507,218300986,240600551,241300375,248400251,250400710,250700267,283000016,218301125,210600599,200042489,214400574,214400673,214401283,214401853,225300011,245300330,254200546,325793826,244900882,200058014,217703735,217703370,221401185,217703909,216201087,216402222,256300120,200024883,248500589,240100750,200033116,216400135,844634873,200066124,844404392,200006039,200069037,216404772,217700376,214001927,216401661,216402289,216402552,246800726,257603894,251602660,218801561,200067965,200010650,200067064,218804219,250602026,200026615,242600252,216404764,215601865,212400378,200064483,211401187,200046639,200066884,200068377,218802585,200041481,925620262,218801413,245701222,200065894,223500018,213103757,213103450,240300608,410582613,789710589,318163094,200077014,248900334,830336558,219200755,216401026,254002272 ,216405431,216400119,216403139,200083525,216405399,252902655,200063402,249100546,210500039,200055614,378493555,212600589,215104217,200040491,200056380,219200441,215904285,214001612,214001646,214001380,214000309,214001059,200080364,244500203,244901013,790895197,410201164,240400440,200072049,243500659,210500328,218700102,210500310,210500963,210400651,210500997,212603674,218300523,210500104,210500096,210401048,218400042,218400315,216404350,215202979,216400663,216405274,216400143,216402297,216402974,216402792,510651441,216401059,212900278,200044543,252405147,216400085,219500188,216400457,210500070,210500088 ,200077113,216400861,216401349,216401554 ,249400078,210500385,211701404,216402149,210400883,210500567,210500583,210500609 ,210500617,215002411,216402651,216402776,210500682,216402834,210500187,210500542,210500716,200033694 ,210500625,210501805,216403717,216403774,216403915,210500872 ,210500922,210401386,216404293,210501045,210501219 ,210501243,210501318,240500215,210501409,214502759,210501458,210501466,210501474,210501482,210501490,216404897,210501524,210501532,210501540,218401222,200064657,130011224,210501110,210500989,200071959,210400735,210402202,210401956,210501300,210401618,210400628,210400867,210501086,200058618,210501631,210500120,210500450,210400198,224500017",25/2/2022 8:39am,
DatARA,ARA-84,Géoportail,Partenarial,https://www.datara.gouv.fr/geonetwork/,GeoNetwork,SDE,Généraliste,,,,,20,,,,10/10/2021 3:51pm,
Do.TeRR - GéoCentre,CVL-24,Géoportail,Partenarial,https://www.doterr.fr/geonetwork/,GeoNetwork,OACT,Généraliste,,,,,9,,,,10/10/2021 3:52pm,
Données Publiques Niort Agglo,NAQ-75,Portail,Mutualisé,https://donneespubliques.niortagglo.fr,OpenDataSoft,CA,Généraliste,,,,,2,,,"200041317,217901917",28/5/2021 10:12am,
Géo Charente,NAQ-75,Géoportail,Partenarial,https://www.geocharente.fr/geonetwork/,GeoNetwork,DEP,Généraliste,,,,,5,,,,10/10/2021 3:53pm,
Géo Hauts de Seine,IDF-11,Géoportail,Dédié,https://geo.hauts-de-seine.fr/Site/donnees/catalogue/,Isogéo,DEP,Généraliste,,,,,2,,,,10/10/2021 3:55pm,
Géo Loiret,CVL-24,Géoportail,Partagé,https://loiret.maps.arcgis.com/home/gallery.html?view=grid&sortOrder=desc&sortField=modified,Isogéo,DEP,Généraliste,,,,,3,,,,10/10/2021 3:55pm,
Géo Lorient Agglomération,BRE-53,Géoportail,Mutualisé,https://geocatalogue.lorient-agglo.bzh/les-donnees,Isogéo,CA,Généraliste,,,,,2,,,,10/10/2021 3:57pm,
Géo Mayenne,PDL-52,Géoportail,Partenarial,https://www.geomayenne.fr/portail/acces-aux-donnees/donnees/#catalogue,Isogéo,DEP,Généraliste,,,,,14,,,,10/10/2021 3:58pm,
Géo Pays de Brest,BRE-53,Géoportail,Dédié,https://applications002.brest-metropole.fr/VIPDU60/aspx/HTDU500.aspx,Spécifique,AGCT,Généraliste,,,,,2,,,,10/10/2021 3:58pm,
GéoArdèche,ARA-84,Géoportail,Partenarial,https://geoids.geoardeche.fr,GeoNetwork,DEP,Généraliste,,,,,3,,,,10/10/2021 3:59pm,
GéoBretagne,BRE-53,Géoportail,Partenarial,https://geobretagne.fr/geonetwork/,GeoNetwork,REG,Généraliste,,,,,7,,,,10/10/2021 4:00pm,
GéoCompiégnois,HDF-32,Géoportail,Partenarial,https://geo.compiegnois.fr/geonetwork/,GeoNetwork,CA,Généraliste,,,,,11,,,,10/10/2021 4:01pm,
GéoGrandEst,GES-44,Géoportail,Partenarial,https://www.geograndest.fr/geonetwork,GeoNetwork,REG,Généraliste,,,,,10,,,,10/10/2021 4:01pm,
GéoGuyane,GF-03,Géoportail,Partenarial,https://www.geoguyane.fr/geonetwork/,GeoNetwork,REG,Généraliste,,,,,2,,,,10/10/2021 4:02pm,
GéoMartinique,MQ-02,Géoportail,Partenarial,http://www.geomartinique.fr/geonetwork/,GeoNetwork,REG,Généraliste,,,,,1,,,,10/10/2021 4:02pm,
GéoNord Open Data,HDF-32,Géoportail,Dédié,https://geonord-lenord.opendata.arcgis.com,ArcGis,DEP,Généraliste,,,,,1,,,225900018,10/10/2021 4:03pm,
GéoNormandie,NOR-28,Géoportail,Partenarial,https://www.geonormandie.fr/geonetwork/,GeoNetwork,REG,Généraliste,Normandie,,,,8,,,,10/10/2021 4:04pm,
GEOPAL,PDL-52,Géoportail,Partenarial,https://www.geopal.org/geonetwork/,GeoNetwork,REG,Généraliste,,,,,5,,,,10/10/2021 4:04pm,
Géoplateforme 17,NAQ-75,Géoportail,Partenarial,https://www.geoplateforme17.fr/nos-services/le-geocatalogue,GeoServer,REG,Généraliste,,,,,1,,,,10/10/2021 4:05pm,
Géoportail 93,IDF-11,Géoportail,Dédié,https://geoportail93.fr,Spécifique,REG,Généraliste,,,,,1,,,,10/10/2021 4:09pm,
Géorep,NC,Géoportail,Partenarial,http://www.geoportal.gouv.nc/geoportal/catalog/main/home.page,Geoportal Server,REG,Généraliste,,,,,4,,,,10/10/2021 4:07pm,
Guyane SIG,GF-03,Géoportail,Dédié,https://catalogue.guyane-sig.fr/geonetwork/,GeoNetwork,REG,Généraliste,,,,,1,,,,10/10/2021 4:09pm,
Herault Data,OCC-76,Portail,Mutualisé,https://www.herault-data.fr/pages/accueil/,OpenDataSoft,DEP,Généraliste,,,,,2,Kahn Victor <vkahn@herault.fr>,,"223400011,322148834",28/10/2020 12:08pm,
IDéO - Portail Opendata BFC,BFC-27,Portail,Mutualisé,https://trouver.ternum-bfc.fr,CKAN,OACT,Généraliste,,https://trouver.ternum-bfc.fr/showcase,91,,36,ideo@ternum-bfc.fr,https://twitter.com/ideo_bfc?lang=fr,"200053726,200069052,212105407,212106173,213904782,215801945,217100148,217104454,225800010,227100013,242500361,245804406,212500565,217001817,247100589,222100018,228900015,223900010,820657971,252106620,283900017,281000018,285800017,287100010,289500795",28/10/2020 12:08pm,
InfoGéo Corse,COR-94,Géoportail,Partenarial,http://infogeo.ct-corse.fr/geoportal/catalog/main/home.page,ArcGis,REG,Généraliste,,,,,2,,,,10/10/2021 4:08pm,
KaruGéo,GP-01,Géoportail,Partenarial,https://www.karugeo.fr/geonetwork/,GeoNetwork,REG,Généraliste,,,,,2,,,,10/10/2021 4:09pm,
Mapéo Calvados,NOR-28,Géoportail,Partagé,http://open.isogeo.com/s/8ab60e6590a94eed922345badee8c6ca/B1MYSE2Es9iPJWXgR9KOSD062PPo0,Isogéo,DEP,Généraliste,,,,,2,,,,10/10/2021 4:09pm,
Moselle Infogéo,GES-44,Géoportail,Partenarial,http://www.moselleinfogeo.fr/infogeo/index.php/isogeo,Isogéo,DEP,Généraliste,,,,,2,,,,10/10/2021 4:10pm,
Open Data CACL Guyane,GF-03,Portail,Partenarial,https://data.cacl-guyane.fr/,Spécifique,CA,Energie,,,,,3,magali.francius-tarade@cacl-guyane.fr,https://twitter.com/cacl_guyane,249730045,1/12/2020 10:10am,
Open data Normandie,NOR-28,Portail,Mutualisé,https://opendata.normandie.fr,OpenDataSoft,REG,Généraliste,Normandie,,,,10,,,200053403,7/10/2021 8:49pm,
Opendata  IDF Mobilités (ex STIF),IDF-11,Portail,Dédié,https://opendata.stif.info,OpenDataSoft,OACT,Transport,,,,,1,https://opendata.stif.info/page/contact/,,287500078,12/11/2020 4:02pm,
Opendata ADICO 60,HDF-32,Portail,Mutualisé,https://opendata.adico.fr,CKAN,DEP,Généraliste,,,,,3,,,"384452611,217602176",10/10/2021 4:10pm,
Opendata Agglo Chalons,GES-44,Géoportail,Dédié,https://opendata-agglo-chalons.opendata.arcgis.com/search,ArcGis,CA,Généraliste,,,,,4,,,200066876,24/2/2022 7:01pm,
Opendata Agglo Pau,NAQ-75,Portail,Dédié,https://opendata.agglo-pau.fr,Spécifique,CA,Généraliste,,https://opendata.agglo-pau.fr/appli2.html,5,,1,https://opendata.agglo-pau.fr/index.php/contact,,200067254,28/10/2020 12:08pm,
Opendata Agglo Saint Quentinois,HDF-32,Géoportail,Dédié,http://opendata.agglo-saintquentinois.fr,ArcGis,CA,Généraliste,,http://opendata.agglo-saintquentinois.fr,11,,1,agglojecoute@casq.fr,,,28/10/2020 12:08pm,
Opendata Ain,ARA-84,Géoportail,Dédié,http://departement-ain.opendata.arcgis.com,ArcGis,DEP,Généraliste,,https://departement-ain.opendata.arcgis.com,4,,1,geomatique@ain.fr,,220100010,28/10/2020 12:08pm,
Opendata Albi,OCC-76,Portail,Dédié,https://opendata.mairie-albi.fr,CKAN,COM,Généraliste,,,,,1,,,218100048,10/10/2021 4:11pm,
Opendata Anglet,NAQ-75,Portail,Dédié,https://anglet-opendatapaysbasque.opendatasoft.com,OpenDataSoft,COM,Généraliste,,,,,1,,,216400242,28/10/2020 12:08pm,
Opendata Antibes Juan les Pins,PAC-93,Site web,Dédié,http://www.antibes-juanlespins.com/administration/open-data/,Spécifique,COM,Généraliste,,,,,1,,,,28/10/2020 12:08pm,
Opendata APUR,IDF-11,Géoportail,Dédié,http://opendata.apur.org,ArcGis,OACT,Généraliste,,,,,1,opendata@apur.org,,784237539,28/10/2020 12:08pm,
Opendata Ardèche,ARA-84,Portail,Mutualisé,https://opendata.ardeche.fr,CKAN,DEP,Généraliste,,,,,5,ejourdan@ardeche.fr,,"250700358,220700017,200041465,776258261",28/10/2020 12:08pm,
Opendata Ardenne Métropole,HDF-32,Portail,Dédié,https://ardennemetropole.opendatasoft.com/pages/home/,OpenDataSoft,CA,Généraliste,,,,,1,,,200041630,10/10/2021 4:12pm,
Opendata Aude,OCC-76,Portail,Mutualisé,https://opendata.aude.fr/pages/accueil/,OpenDataSoft,DEP,Généraliste,,,,,1,,,221100019,28/10/2020 12:08pm,
Opendata Auvergne Rhône Alpes,ARA-84,Portail,Mutualisé,http://opendata.auvergnerhonealpes.eu,Spécifique,REG,Généraliste,,http://opendata.auvergnerhonealpes.eu/9-les-usages.htm,1,,5,http://opendata.auvergnerhonealpes.eu/18-contact.htm,,"200072080,200073419,200066637,200071140,240300491,241501139,200071199,200072098,200053767,487977985,824433866,200071454",12/11/2020 9:26am,
Opendata Bordeaux Métropole,NAQ-75,Portail,Mutualisé,https://opendata.bordeaux-metropole.fr,OpenDataSoft,MET,Généraliste,,https://opendata.bordeaux-metropole.fr/pages/reutilisation/,17,https://data.bordeaux-metropole.fr/forum/,5,https://opendata.bordeaux-metropole.fr/pages/contact/,https://twitter.com/opendatabdx,"263300626,213303183,213305220,213300635,243300316",28/10/2020 12:08pm,
Opendata Brest Metropole,BRE-53,Portail,Mutualisé,https://opendata.brest-metropole.fr/explore/?sort=modified,OpenDataSoft,MET,Généraliste,,,,,10,,,"242900314,200033736,306966110,314655788",10/10/2021 4:13pm,
Opendata Brocas,NAQ-75,Portail,Partagé,https://numerique.brocaslesforges.fr,OpenDataSoft,COM,Généraliste,,https://numerique.brocaslesforges.fr/pages/reutil/,0,,2,https://numerique.brocaslesforges.fr/pages/contact/,,,28/10/2020 12:08pm,
Opendata Brocas Les Forges,NAQ-75,Site web,Dédié,http://opendata.brocaslesforges.fr/project/jeux-donnees/,Spécifique,COM,Généraliste,,http://opendata.brocaslesforges.fr/project/project-2/,5,http://opendata.brocaslesforges.fr/forum/,1,http://opendata.brocaslesforges.fr,,214000564,28/10/2020 12:08pm,
Opendata CA Ajaccien,COR-94,Portail,Dédié,https://opendata.ca-ajaccien.corsica,Spécifique,CA,Généraliste,,https://opendata.ca-ajaccien.corsica,3,,1,https://opendata.ca-ajaccien.corsica/contactez-nous/,,,28/10/2020 12:08pm,
Opendata CA La Rochelle,NAQ-75,Portail,Partagé,https://opendata2.agglo-larochelle.fr/,DATA4CITIZEN,CA,Généraliste,,,,,2,,,241700434,28/10/2020 12:08pm,
Opendata CA Versailles GP,IDF-11,Géoportail,Dédié,http://www-cavgp.opendata.arcgis.com,ArcGis,CA,Généraliste,,,,,1,,,,28/10/2020 12:08pm,
Opendata Cachan,IDF-11,Portail,Dédié,https://cachan.opendatasoft.com/pages/accueil/,OpenDataSoft,COM,Généraliste,,,,,1,,,219400165,10/10/2021 4:13pm,
Opendata Caux Vallée de Seine,NOR-28,Géoportail,Dédié,https://opendata.cauxseine.fr,ArcGis,CA,Généraliste,Normandie,,,,1,,,"200010700,240300756",7/10/2021 8:44pm,
Opendata Clermont Métropole,ARA-84,Portail,Mutualisé,https://opendata.clermontmetropole.eu,ArcGis,MET,Généraliste,,,,,4,jprazak@clermontmetropole.eu,,"216301135,246300701",11/1/2022 2:34pm,
OpenData Courty,IDF-11,Géoportail,Dédié,https://courtry-agglo-pvm.opendata.arcgis.com/,ArcGis,COM,Généraliste,,,,,1,mairie@ville-courtry.fr,,217701390,28/10/2020 12:08pm,
Opendata Doubs,BFC-27,Portail,Dédié,https://opendata.doubs.fr,OpenDataSoft,DEP,Généraliste,,,,,1,,,"222500019,200037729",28/10/2020 12:08pm,
Opendata Eure,NOR-28,Portail,Dédié,https://opendata.eure.fr,ArcGis,DEP,Généraliste,,,,,1,,,222702292,28/10/2020 12:08pm,
Opendata Eure et Seine Maritime 27 76,NOR-28,Portail,Partagé,http://www.opendata-27-76.fr,Spécifique,DEP,Généraliste,Normandie,http://www.opendata-27-76.fr/applications/,3,,2,http://www.opendata-27-76.fr/contactez-nous/,,227605409,7/10/2021 8:44pm,
Opendata Finistère,BRE-53,Portail,Dédié,https://opendata.finistere.fr,OpenDataSoft,DEP,Généraliste,,,,,1,https://opendata.finistere.fr/pages/page-contact/,,222900011,28/10/2020 12:08pm,
OpenData Fos sur mer,PAC-93,Portail,Dédié,https://fos-sur-mer.opendatasoft.com/explore/?sort=modified&refine.publisher=Commune+de+Fos-Sur-Mer,OpenDataSoft,COM,Généraliste,,,,,1,http://www.fossurmer.fr/commun/contacter-la-mairie/contact-par-courriel-100.html,,211300397,28/10/2020 12:15pm,
Opendata Garges,IDF-11,Portail,Dédié,https://garges.data4citizen.com/,DATA4CITIZEN,COM,Généraliste,,,,,1,,,219502689,28/10/2020 12:08pm,
Opendata Geo2France,HDF-32,Portail,Dédié,https://www.geo2france.fr/ckan,CKAN,REG,Généraliste,,,,,1,,,,10/10/2021 4:13pm,
Opendata GIP Seine Aval,NOR-28,Portail,Dédié,https://opendata.seine-aval.fr,Spécifique,AGCT,Environnement,Normandie,,,,1,opendata@pmes.fr,,‎187609110,7/10/2021 8:44pm,
Opendata Grand Nancy,GES-44,Portail,Dédié,http://opendata.grandnancy.eu,TYPO3 In Cite,MET,Généraliste,,http://opendata.grandnancy.eu/applications/catalogue-dapplications/,12,,1,,,245400676,7/10/2021 9:13pm,
Opendata Grand Paris Seine & Oise (GPSEO),IDF-11,Portail,Mutualisé,https://gpseo.opendatasoft.com,OpenDataSoft,EPT,Généraliste,,,,,4,,,"217804517,217802172,217801232,217805316,200059889",10/10/2021 5:27pm,
Opendata Guadeloupe,GP-01,Portail,Mutualisé,https://regionguadeloupe.opendatasoft.com/pages/accueil/,OpenDataSoft,REG,Généraliste,,,,,2,,,239710015,10/10/2021 4:16pm,
Opendata Hautes Pyrénées,OCC-76,Portail,Mutualisé,https://opendata.ha-py.fr,OpenDataSoft,DEP,Généraliste,,https://opendata.ha-py.fr/pages/lesapplications/,13,,2,https://contact.ha-py.fr/public/requestv2/accountless/teleprocedure_id/9211/TS_DEST/9321,,"226500015,216504407,200070787,246500573,216500595,246500482,200069300",21/1/2022 9:46am,
Opendata Hauts de France,HDF-32,Portail,Dédié,http://opendata.hautsdefrance.fr,CKAN,REG,Généraliste,,,,,1,opennpdc@hautsdefrance.fr,,200053742,28/10/2020 12:08pm,
Opendata Hauts de Seine,IDF-11,Portail,Mutualisé,https://opendata.hauts-de-seine.fr,OpenDataSoft,DEP,Généraliste,,https://opendata.hauts-de-seine.fr/pages/reutilisations/,20,,6,http://my.hauts-de-seine.fr/contact/?forcedThema=Collectivite-Open_data&back=od,https://twitter.com/OpenData92,"219200631,219200623,219200730,219200045,219200714,229200506",28/10/2020 12:08pm,
Opendata Isère,ARA-84,Portail,Dédié,https://opendata.isere.fr/pages/accueil/,OpenDataSoft,DEP,Généraliste,,,,,1,Chillotti Ludovic <ludovic.chillotti@isere.fr>,,,28/10/2020 12:08pm,
Opendata Istres,PAC-93,Site web,Dédié,https://www.istres.fr/index.php?id=618,Spécifique,COM,Généraliste,,,,,1,,,211300470,28/10/2020 12:08pm,
OpenData La Fibre 64,NAQ-75,Portail,Dédié,https://lafibre64-data64.opendatasoft.com/explore/?sort=modified,OpenDataSoft,AGCT,Généraliste,,,,,1,,,200081263,28/10/2020 12:08pm,
Opendata La Rochelle,NAQ-75,Portail,Dédié,https://opendata.larochelle.fr,Spécifique,COM,Généraliste,,https://opendata.larochelle.fr/project/,7,,1,opendata@ville-larochelle.fr,,"281700252,211703004",28/10/2020 12:08pm,
Opendata Lacq-Orthez,NAQ-75,Portail,Dédié,https://opendata.cc-lacqorthez.fr/pages/home2/,OpenDataSoft,CC,Généraliste,,,,,1,,,200039204,28/10/2020 12:08pm,
Opendata Le Mans,PDL-52,Site web,Dédié,http://www.lemans.fr/citoyen/la-collectivite/lopen-data/les-contenus-en-open-data/,Spécifique,COM,Généraliste,,,,,1,http://www.lemans.fr/le-mans-proche/contact/?contactuid=291&cHash=a3b2e897e61fa02970d626ffcae24255,,217201813,28/10/2020 12:08pm,
Opendata Lille Métropole,HDF-32,Portail,Mutualisé,https://opendata.lillemetropole.fr,OpenDataSoft,MET,Généraliste,,https://opendata.lillemetropole.fr/pages/reutilisations/,25,,10,https://opendata.lillemetropole.fr/page/contact/,https://twitter.com/MEL_OpenData,"245900410,215905993,215901968,215900176,215903600,215900093,215903501",28/10/2020 12:08pm,
Opendata Loiret,CVL-24,Géoportail,Dédié,https://www.data.gouv.fr/fr/organizations/departement-du-loiret/,ArcGis,DEP,Généraliste,,https://loiret.maps.arcgis.com/home/index.html,23,,1,openloiret@loiret.fr,,,25/2/2022 8:39am,
Opendata Maine et Loire 49 ,PDL-52,Portail,Partagé,https://www.opendata49.fr,TYPO3 In Cite,DEP,Généraliste,,,,,2,contact@opendata49.fr,,"214900540,224900019,284900016",28/10/2020 12:08pm,
Opendata Manche,NOR-28,Portail,Mutualisé,https://www.opendata-manche.fr,MGDIS Open Data,DEP,Généraliste,,,,,4,dclic@manche.fr,,"225005024,255003592,200069425,200067205",28/10/2020 12:08pm,
Opendata Mandres,IDF-11,Portail,Dédié,https://mandres.data4citizen.com/,DATA4CITIZEN,COM,Généraliste,,,,,1,,,219400470,28/10/2020 12:08pm,
Opendata Meurthe et Moselle,GES-44,Géoportail,Dédié,http://catalogue.infogeo54.fr/geonetwork/srv/fre/catalog.search#/home,GeoNetwork,DEP,Généraliste,,,,,1,,,225400019,28/10/2020 12:08pm,
Opendata Morbihan 56,BRE-53,Portail,Mutualisé,http://www.opendata56.fr,OpenDataSoft,AGCT,Généraliste,,,,,13,,,"215601212,255601106,215600982,215601519,215602061,215600784,215602434,215602327,215600115",28/10/2020 12:08pm,
Opendata Moselle,GES-44,Géoportail,Dédié,http://www.moselleopendata.fr,Isogéo,DEP,Généraliste,,,,,1,http://www.moselleopendata.fr/contactez-nous,,225700012,28/10/2020 12:08pm,
Opendata Nanterre,IDF-11,Site web,Dédié,http://www.nanterre.fr/1166-donnees-a-telecharger.htm,Spécifique,COM,Généraliste,,,,,1,,,219200508,28/10/2020 12:08pm,
Opendata Nice Côte d'Azur,PAC-93,Portail,Partagé,http://opendata.nicecotedazur.org,CKAN,MET,Généraliste,,http://opendata.nicecotedazur.org/site/applications,13,,2,http://opendata.nicecotedazur.org/site/contact,,"395235047,794030213,210600888,200030195",28/10/2020 12:08pm,
Opendata Nouvelle Calédonie,NC,Portail,Mutualisé,https://data.gouv.nc/explore/?disjunctive.theme&disjunctive.publisher&disjunctive.keyword&disjunctive.attributions&disjunctive.license&sort=explore.popularity_score,OpenDataSoft,REG,Généraliste,,,,,9,,,"200024933,200012490,200012508,200012979,200012656",28/10/2020 12:08pm,
Opendata Oise,HDF-32,Portail,Dédié,http://opendata.oise.fr,TYPO3 In Cite,DEP,Généraliste,,,,http://opendata.oise.fr/agora/,1,http://opendata.oise.fr/top-menu/contact/,https://twitter.com/OpenDataOise,226000016,28/10/2020 12:08pm,
Opendata Paris,IDF-11,Portail,Dédié,https://opendata.paris.fr,OpenDataSoft,DEP,Généraliste,,https://opendata.paris.fr/pages/les-reutilisations/,52,,1,,https://twitter.com/opendataParis,"217500016,200021624",28/10/2020 12:08pm,
Opendata Paris Saclay,IDF-11,Portail,Dédié,https://opendata.paris-saclay.com,OpenDataSoft,CA,Généraliste,,,,,1,https://opendata.paris-saclay.com/pages/contact/,,200056232,28/10/2020 12:08pm,
Opendata Pirae,PF,Site web,Dédié,http://www.pirae.pf/opendata/,Spécifique,COM,Généraliste,,,,,1,,,200013746,28/10/2020 12:08pm,
Opendata Puy de Dôme,ARA-84,Site web,Dédié,http://www.puy-de-dome.fr/opendata.html,Spécifique,DEP,Généraliste,,,,,1,,,226300010,28/10/2020 12:08pm,
Opendata Puy en Velay,ARA-84,Géoportail,Mutualisé,https://opendata.agglo-lepuyenvelay.fr/geonetwork/srv/fre/catalog.search;jsessionid=BE67FD2D3A535EF822E8EA6244025CDF,GeoNetwork,CC,Généraliste,,,,,3,,,,10/10/2021 4:17pm,
Opendata RATP,IDF-11,Portail,Dédié,https://data.ratp.fr,OpenDataSoft,DSPT,Transport,,https://data.ratp.fr/page/voscreations/,16,,1,https://data.ratp.fr/page/contact/,,775663438,28/10/2020 12:08pm,
Opendata Rosny-sous-Bois,IDF-11,Site web,Dédié,https://www.rosnysousbois.fr/demarches/open-data/,metaclic,COM,Généraliste,,,,,1,,,,10/10/2021 4:18pm,
Opendata Roubaix,HDF-32,Portail,Dédié,https://opendata.roubaix.fr,OpenDataSoft,COM,Généraliste,,,,,1,https://opendata.roubaix.fr/page/contact/,,215905126,28/10/2020 12:08pm,
Opendata SAEMES,IDF-11,Portail,Dédié,https://opendata.saemes.fr,OpenDataSoft,DSPT,Transport,,,,,1,https://opendata.saemes.fr/page/forum-opendata-saemes/,,317032993,28/10/2020 12:08pm,
Opendata Saint Denis,RE-04,Géoportail,Dédié,http://opendata-sig.saintdenis.re,ArcGis,COM,Généraliste,,,,,1,,,219740115,28/10/2020 12:08pm,
Opendata Saint Mandé,IDF-11,Portail,Dédié,https://saintmande.opendatasoft.com,OpenDataSoft,COM,Généraliste,,,,,1,,,219400678,28/10/2020 12:08pm,
Opendata Saint Quentin,HDF-32,Géoportail,Dédié,http://open-data.saint-quentin-numerique.fr,ArcGis,COM,Généraliste,,,,,1,https://www.saint-quentin.fr/1518-contact.htm,,"200071892,210206660",28/10/2020 12:08pm,
Opendata Saint-Louis Agglo,GES-44,Portail,Dédié,https://saint-louis-agglo.opendatasoft.com,OpenDataSoft,CA,Généraliste,,,,,1,,,,10/10/2021 4:18pm,
Opendata Seine Maritime 76,NOR-28,Géoportail,Dédié,https://www.opendata76.fr,ArcGis,DEP,Généraliste,Normandie,,,,1,,,,7/10/2021 8:44pm,
Opendata Sète Agglopole,OCC-76,Portail,Partagé,http://opendata.agglopole.fr,Spécifique,CA,Généraliste,,,,,2,opendata@thau-agglo.fr,,"213403017,200066355",28/10/2020 12:08pm,
Opendata Sictiam,PAC-93,Portail,Mutualisé,https://opendata.sictiam.fr,CKAN,AGCT,Généraliste,,https://opendata.sictiam.fr/fr/showcase,1,https://opendata.sictiam.fr/fr/datarequest,12,https://catalogue.sictiam.fr/open-data-pour-tous/,,,28/10/2020 12:08pm,
Opendata SIG Grand Belfort,BFC-27,Géoportail,Dédié,https://belfort-cab.opendata.arcgis.com,ArcGis,CA,Généraliste,,,,,1,,,,10/10/2021 4:19pm,
Opendata SRD Energie,ARA-84,Portail,Dédié,https://opendata.srd-energies.fr,OpenDataSoft,AGCT,Energie,,,,,1,,,,28/10/2020 12:08pm,
Opendata Tours Métropole VL,CVL-24,Portail,Mutualisé,https://data.tours-metropole.fr/,OpenDataSoft,MET,Généraliste,https://data.centrevaldeloire.fr,,,,7,,,243700754,10/10/2021 4:19pm,
Opendata Valenciennes,HDF-32,Portail,Dédié,https://valenciennesmetro.opendatasoft.com/pages/accueil/,OpenDataSoft,CA,Généraliste,,,,,1,,,,28/10/2020 12:08pm,
OPenIG,OCC-76,Géoportail,Partenarial,https://ckan.openig.org,CKAN,OACT,Généraliste,,,,,10,,,,10/10/2021 4:20pm,
PEIGEO,RE-04,Géoportail,Partenarial,http://peigeo.re/index.php/catalogue/,GeoNetwork,REG,Généraliste,,,,,5,,,,10/10/2021 4:21pm,
Picto Occitanie,OCC-76,Géoportail,Partenarial,https://www.picto-occitanie.fr/geonetwork/,GeoNetwork,SDE,Généraliste,,,,,4,,,,10/10/2021 4:22pm,
Qualitair Corse Open Data,COR-94,Géoportail,Dédié,https://data-qualitaircorse.opendata.arcgis.com,ArcGis,OACT,Environnement,,,,,1,info@qualitaircorse.org,,482886694,28/10/2020 12:08pm,
Ressourcerie Datalocale,NAQ-75,Portail,Mutualisé,https://www.datalocale.fr,CKAN,DEP,Généraliste,,https://www.datalocale.fr/ressourcerie/datavizs,4,https://www.datalocale.fr/ressourcerie/forum,7,,https://twitter.com/datalocale,"223300013,253306617,828647842",28/10/2020 12:08pm,
Sig Loire,PDL-52,Géoportail,Partenarial,https://catalogue.sigloire.fr/geonetwork/,GeoNetwork,SDE,Généraliste,,,,,6,,,,10/10/2021 4:22pm,
SIG Open Data Centre Val de Loire,CVL-24,Géoportail,Mutualisé,https://sig-crcentre.opendata.arcgis.com/,ArcGis,REG,Généraliste,,,,,2,,,,10/10/2021 4:23pm,
SIG Rennes Métropole,BRE-53,Géoportail,Partagé,https://public.sig.rennesmetropole.fr/geonetwork/,GeoNetwork,CA,Généraliste,,,,,2,,,,10/10/2021 4:23pm,
SiiG,OCC-76,Site web,Dédié,https://www.siig.fr/fr/catalogue.php,Spécifique,AGCT,Généraliste,,,,,1,,,,10/10/2021 4:23pm,
SMICA,OCC-76,Portail,Mutualisé,https://www.smica.fr/fr/metiers-services/donnees/opendata,Spécifique,DEP,Généraliste,,,,,0,,,,10/10/2021 4:24pm,
Star Data Explore,BRE-53,Portail,Dédié,https://data.explore.star.fr,OpenDataSoft,DSPT,Transport,,,,,1,,,340035526,28/10/2020 12:08pm,
Tarn et Garonne Open Data,OCC-76,Portail,Mutualisé,https://data.82numerique.fr/explore/?disjunctive.publisher&sort=modified,OpenDataSoft,AGCT,Généraliste,,,,,3,,,200061257,10/10/2021 4:25pm,
TIGEO,OCC-76,Géoportail,Dédié,https://www.tigeo.fr/rechercher-et-consulter-des-donnees,easySDI,OACT,Généraliste,,,,,1,,,,10/10/2021 4:25pm,
ZABAL Pays Basque,NAQ-75,Portail,Dédié,https://zabal-agriculture.opendata-paysbasque.fr,OpenDataSoft,CA,Agriculture,,,,,14,,,,10/10/2021 4:26pm,